strain	date	country	continent
AY117135.3		Brazil	South America
AY237111.1			
AY704559.1		Brazil	South America
AY704560.1		Brazil	South America
AY704561.1		Brazil	South America
AY704562.1		Brazil	South America
AY704563.1		Brazil	South America
AY704564.1		Brazil	South America
AY704565.1		Brazil	South America
AY704566.1		Brazil	South America
AY704567.1		Brazil	South America
AY704568.1		Brazil	South America
AY993909.1			
AY993910.1			
AY993911.1			
AY993912.1			
EF467368.1		Brazil	South America
EF467369.1		Brazil	South America
EF467370.1		Brazil	South America
EF467371.1		Brazil	South America
EF467372.1		Brazil	South America
HM107840.1	2005	Brazil	South America
HM107841.1	2006	Brazil	South America
HM107842.1	2007	Brazil	South America
HM470101.1	1996	Brazil	South America
HM470102.1	1996	Brazil	South America
HM470103.1	1980	Brazil	South America
HM470104.1	1980	Brazil	South America
HM470105.1	1988	Brazil	South America
HM470106.1	1988	Brazil	South America
HM470107.1	1960	Brazil	South America
HM470108.1	1961	Brazil	South America
HM470109.1	1961	Brazil	South America
HM470110.1	1967	Brazil	South America
HM470111.1	1968	Brazil	South America
HM470112.1	1973	Brazil	South America
HM470113.1	1975	Brazil	South America
HM470114.1	1978	Brazil	South America
HM470115.1	1978	Brazil	South America
HM470116.1	1978	Brazil	South America
HM470117.1	1979	Brazil	South America
HM470118.1	1979	Brazil	South America
HM470119.1	1980	Brazil	South America
HM470120.1	1980	Brazil	South America
HM470121.1	1980	Brazil	South America
HM470122.1	1994	Brazil	South America
HM470123.1	1994	Brazil	South America
HM470124.1	1994	Brazil	South America
HM470125.1	1994	Brazil	South America
HM470126.1	1994	Brazil	South America
HM470127.1	1996	Brazil	South America
HM470128.1	1996	Brazil	South America
HM470129.1	1996	Brazil	South America
HM470130.1	1996	Brazil	South America
HM470131.1	1996	Brazil	South America
HM470132.1	1996	Brazil	South America
HM470133.1	2006	Brazil	South America
HM470134.1	2006	Brazil	South America
HM470135.1	2006	Brazil	South America
HM470136.1	2006	Brazil	South America
HM470137.1	2006	Brazil	South America
HM470138.1	2006	Brazil	South America
HM470139.1	1990	Brazil	South America
HM470140.1	1991	Brazil	South America
HM470141.1	1991	Brazil	South America
HM470142.1	1991	Brazil	South America
HQ830443.1	1968		
HQ830444.1	1973		
HQ830445.1	1975		
HQ830446.1	1978		
HQ830447.1	1978		
HQ830448.1	1979		
HQ830449.1	1979		
HQ830450.1	1980		
HQ830451.1	1980		
HQ830452.1	1980		
HQ830453.1	1980		
HQ830454.1			
HQ830455.1	1988		
HQ830456.1	1988		
HQ830457.1	1990		
HQ830458.1	1991		
HQ830459.1	1991		
HQ830460.1	1991		
HQ830461.1	1994		
HQ830462.1	1994		
HQ830463.1	1994		
HQ830464.1	1994		
HQ830465.1	1996		
HQ830466.1	1996		
HQ830467.1	1996		
HQ830468.1	1996		
HQ830469.1	1996		
HQ830470.1	1996		
HQ830471.1	1996		
HQ830472.1	1996		
HQ830473.1	2006		
HQ830474.1	2006		
HQ830475.1	2006		
HQ830476.1	2006		
HQ830477.1	2006		
HQ830478.1	2009		
HQ830479.1	2009		
HQ830480.1	2009		
HQ830481.1	2009		
HQ830482.1	2009		
HQ830483.1	2009		
HQ830484.1	2009		
HQ830485.1	2009		
HQ830486.1	2009		
HQ830487.1	2009		
HQ830488.1	2009		
HQ830489.1	2009		
HQ830490.1	2009		
HQ830491.1	2009		
HQ830492.1	2009	Brazil	South America
KC759124.1		Trinidad and Tobago	North America
KC759127.1		Peru	South America
KC759130.1		Panama	North America
KP026181.1	1955	Trinidad and Tobago	North America
KP052852.1	1960	Brazil	South America
KP691605.1	2009-07-24	Brazil	South America
KP691608.1	2009-07-23	Brazil	South America
KP691611.1	2009-07-24	Brazil	South America
KP691614.1	2009-07-24	Brazil	South America
KP691617.1	2009-07-23	Brazil	South America
KP691620.1	2009-06-17	Brazil	South America
KP691623.1	2009-06-23	Brazil	South America
KP691632.1	2009-08-20	Brazil	South America
MF620127.1	1961-01-13		
MF926352.1	2016-04-01	Ecuador	South America
MG591459.1	2017	Brazil	South America
MG747503.1	1996	Brazil	South America
MG747506.1	1980	Brazil	South America
MG747509.1	1980	Brazil	South America
MG747512.1	1988	Brazil	South America
MG747515.1	1988	Brazil	South America
MG747518.1	1993	Brazil	South America
MG747521.1	2000	Brazil	South America
MG747524.1	1960	Brazil	South America
MG747527.1	1961	Brazil	South America
MG747530.1	1961	Brazil	South America
MG747533.1	1967	Brazil	South America
MG747536.1	1968	Brazil	South America
MG747539.1	1971	Brazil	South America
MG747542.1	1971	Brazil	South America
MG747545.1	1971	Brazil	South America
MG747548.1	1978	Brazil	South America
MG747551.1	1979	Brazil	South America
MG747554.1	1980	Brazil	South America
MG747557.1	1994	Brazil	South America
MG747560.1	1994	Brazil	South America
MG747563.1	1994	Brazil	South America
MG747566.1	1994	Brazil	South America
MG747569.1	1994	Brazil	South America
MG747572.1	1996	Brazil	South America
MG747575.1	1996	Brazil	South America
MG747578.1	1996	Brazil	South America
MG747581.1	2003	Brazil	South America
MG747584.1	2003	Brazil	South America
MG747587.1	2004	Brazil	South America
MG747590.1	2004	Brazil	South America
MG747593.1	2006	Brazil	South America
MG747596.1	2006	Brazil	South America
MG747599.1	2006	Brazil	South America
MG747602.1	1990	Brazil	South America
MG747605.1	1991	Brazil	South America
MK506818.1	2016-04	Ecuador	South America
MK506819.1	2016-04	Ecuador	South America
MK506820.1	2016-04	Ecuador	South America
MK506821.1	2016-04	Ecuador	South America
MK506822.1	2016-04	Ecuador	South America
MT338561.1		Brazil	South America
MT338563.1	2017	Brazil	South America
MT879230.1	2018-03-30	Brazil	South America
NC_005777.1			
PP153945.1	2023-05-11	Brazil	South America
PP153948.1	2023-03-02	Brazil	South America
PP153951.1	2023-01-09	Brazil	South America
PP153954.1	2023-03-23	Brazil	South America
PP153957.1	2023-03-14	Brazil	South America
PP153960.1	2023-03-09	Brazil	South America
PP153963.1	2023-03-08	Brazil	South America
PP153966.1	2023-02-14	Brazil	South America
PP153969.1	2023-02-06	Brazil	South America
PP153972.1	2023-02-01	Brazil	South America
PP153975.1	2023-01-25	Brazil	South America
PP153977.1	2022-10-31	Brazil	South America
PP153981.1	2022-08-30	Brazil	South America
PP153984.1	2023-08-07	Brazil	South America
PP153987.1	2023-08-08	Brazil	South America
PP153990.1	2023-08-09	Brazil	South America
PP153993.1	2023-02-13	Brazil	South America
PP153997.1	2023-02-16	Brazil	South America
PP153999.1	2023-02-10	Brazil	South America
PP154002.1	2023-02-09	Brazil	South America
PP154005.1	2023-02-02	Brazil	South America
PP154008.1	2023-02-01	Brazil	South America
PP154011.1	2023-01-31	Brazil	South America
PP154014.1	2023-02-18	Brazil	South America
PP154017.1	2023-03-02	Brazil	South America
PP154020.1	2023-04-18	Brazil	South America
PP154023.1	2023-03-16	Brazil	South America
PP154026.1	2023-03-14	Brazil	South America
PP154029.1	2023-03-21	Brazil	South America
PP154032.1	2023-03-30	Brazil	South America
PP154035.1	2023-04-05	Brazil	South America
PP154038.1	2023-05-10	Brazil	South America
PP154041.1	2023-12-11	Brazil	South America
PP154044.1	2023-12-12	Brazil	South America
PP154047.1	2023-12-12	Brazil	South America
PP154050.1	2023-12-11	Brazil	South America
PP154053.1	2023-12-11	Brazil	South America
PP154056.1	2023-12-11	Brazil	South America
PP154059.1	2023-12-11	Brazil	South America
PP154062.1	2023-12-11	Brazil	South America
PP154065.1	2023-12-10	Brazil	South America
PP154068.1	2023-12-09	Brazil	South America
PP154071.1	2023-12-08	Brazil	South America
PP154074.1	2023-12-08	Brazil	South America
PP154077.1	2023-12-08	Brazil	South America
PP154080.1	2023-12-09	Brazil	South America
PP154083.1	2023-12-09	Brazil	South America
PP154086.1	2023-12-08	Brazil	South America
PP154089.1	2023-12-10	Brazil	South America
PP154092.1	2023-12-10	Brazil	South America
PP154095.1	2023-12-10	Brazil	South America
PP154098.1	2023-12-10	Brazil	South America
PP154101.1	2023-12-06	Brazil	South America
PP154104.1	2023-12-04	Brazil	South America
PP154107.1	2023-12-04	Brazil	South America
PP154110.1	2023-12-03	Brazil	South America
PP154113.1	2023-12-02	Brazil	South America
PP154116.1	2023-12-02	Brazil	South America
PP154119.1	2023-11-30	Brazil	South America
PP154122.1	2023-11-30	Brazil	South America
PP154125.1	2023-11-30	Brazil	South America
PP154128.1	2022-12-24	Brazil	South America
PP154131.1	2023-02-16	Brazil	South America
PP154134.1	2023-02-16	Brazil	South America
PP154137.1	2023-02-15	Brazil	South America
PP154140.1	2023-02-15	Brazil	South America
PP154143.1	2023-02-13	Brazil	South America
PP154146.1	2023-01-17	Brazil	South America
PP154149.1	2023-01-04	Brazil	South America
PP154152.1	2023-03-13	Brazil	South America
PP154155.1	2023-03-06	Brazil	South America
PP154158.1	2023-03-30	Brazil	South America
PP154161.1	2023-03-31	Brazil	South America
PP154164.1	2023-03-02	Brazil	South America
PP154167.1	2023-03-01	Brazil	South America
PP154170.1	2015-04-13	Brazil	South America
PP357050.1	1991	Brazil	South America
PP477309.1	2024-02-05	Colombia	South America
PP477310.1	2024-02-13	Colombia	South America
PP477311.1	2024-02-12	Colombia	South America
PP477312.1	2024-02-06	Colombia	South America
PP477313.1	2024-02-15	Colombia	South America
PP477314.1	2024-02-08	Colombia	South America
PP874910.1	2024-05-29	Cuba	North America
PP921382.1	2024-05-22	Cuba	North America
PP921383.1	2024-05-22	Cuba	North America
PP921384.1	2024-05-22	Cuba	North America
PP921385.1	2024-05-12	Cuba	North America
PP921386.1	2024-05-13	Cuba	North America
PP921387.1	2024-05-12	Cuba	North America
PP921388.1	2024-05-12	Cuba	North America
PP921389.1	2024-05-12	Cuba	North America
PP921390.1	2024-05-17	Cuba	North America
PP952117.3	2024-06	Italy	Europe
PP966964.1	2023-12-28	Peru	South America
PP966965.1	2024-01-16	Peru	South America
PP966966.1	2024-01-31	Peru	South America
PP966967.1	2024-02-06	Peru	South America
PP966968.1	2023-12-18	Peru	South America
PP966969.1	2024-01-05	Peru	South America
PP966970.1	2024-01-15	Peru	South America
PP966971.1	2022-02-21	Peru	South America
PP992525.1	2024-01-30	Brazil	South America
PP992526.1	2024-01-21	Brazil	South America
PQ064573.1	2024-01-08	Brazil	South America
PQ064576.1	2024-01-09	Brazil	South America
PQ064579.1	2024-01-08	Brazil	South America
PQ064582.1	2024-01-17	Brazil	South America
PQ064585.1	2024-01-17	Brazil	South America
PQ064588.1	2024-01-17	Brazil	South America
PQ064591.1	2024-01-17	Brazil	South America
PQ064594.1	2024-01-17	Brazil	South America
PQ064597.1	2024-01-19	Brazil	South America
PQ064600.1	2024-01-15	Brazil	South America
PQ064603.1	2024-01-05	Brazil	South America
PQ064606.1	2023-11-29	Brazil	South America
PQ064609.1	2024-01-05	Brazil	South America
PQ064612.1	2024-01-12	Brazil	South America
PQ064615.1	2024-01-12	Brazil	South America
PQ064618.1	2024-01-12	Brazil	South America
PQ064621.1	2023-11-30	Brazil	South America
PQ064624.1	2023-12-12	Brazil	South America
PQ064627.1	2023-12-14	Brazil	South America
PQ064630.1	2023-12-19	Brazil	South America
PQ064633.1	2023-11-24	Brazil	South America
PQ064636.1	2023-11-29	Brazil	South America
PQ064639.1	2023-12-15	Brazil	South America
PQ064642.1	2023-11-22	Brazil	South America
PQ064645.1	2023-12-14	Brazil	South America
PQ064648.1	2023-12-14	Brazil	South America
PQ064651.1	2023-12-15	Brazil	South America
PQ064654.1	2023-12-13	Brazil	South America
PQ064657.1	2023-12-13	Brazil	South America
PQ064660.1	2023-12-13	Brazil	South America
PQ064663.1	2023-12-13	Brazil	South America
PQ064666.1	2024-01-09	Brazil	South America
PQ064669.1	2024-01-04	Brazil	South America
PQ064672.1	2023-12-31	Brazil	South America
PQ064675.1	2023-12-29	Brazil	South America
PQ064678.1	2023-12-29	Brazil	South America
PQ064681.1	2024-01-02	Brazil	South America
PQ064684.1	2024-01-02	Brazil	South America
PQ064687.1	2023-12-29	Brazil	South America
PQ064690.1	2024-01-04	Brazil	South America
PQ064693.1	2023-12-29	Brazil	South America
PQ064696.1	2024-01-05	Brazil	South America
PQ064699.1	2024-01-04	Brazil	South America
PQ064702.1	2024-01-03	Brazil	South America
PQ064705.1	2024-01-04	Brazil	South America
PQ064708.1	2024-01-04	Brazil	South America
PQ064711.1	2024-01-04	Brazil	South America
PQ064714.1	2024-01-09	Brazil	South America
PQ064717.1	2023-12-29	Brazil	South America
PQ064720.1	2024-01-04	Brazil	South America
PQ064723.1	2024-01-04	Brazil	South America
PQ064726.1	2023-12-29	Brazil	South America
PQ064729.1	2024-01-04	Brazil	South America
PQ064732.1	2023-12-29	Brazil	South America
PQ064735.1	2023-12-29	Brazil	South America
PQ064738.1	2024-01-04	Brazil	South America
PQ064741.1	2023-12-29	Brazil	South America
PQ064744.1	2024-01-05	Brazil	South America
PQ064747.1	2024-01-03	Brazil	South America
PQ064750.1	2023-12-29	Brazil	South America
PQ064753.1	2024-01-04	Brazil	South America
PQ064756.1	2024-01-05	Brazil	South America
PQ064759.1	2023-12-29	Brazil	South America
PQ064762.1	2023-12-29	Brazil	South America
PQ064765.1	2024-01-05	Brazil	South America
PQ064768.1	2024-01-02	Brazil	South America
PQ064771.1	2023-12-30	Brazil	South America
PQ064774.1	2024-01-08	Brazil	South America
PQ064777.1	2024-01-07	Brazil	South America
PQ064780.1	2023-12-30	Brazil	South America
PQ064783.1	2024-01-07	Brazil	South America
PQ064786.1	2023-12-29	Brazil	South America
PQ064789.1	2024-01-07	Brazil	South America
PQ064792.1	2024-01-24	Brazil	South America
PQ064795.1	2023-12-30	Brazil	South America
PQ064798.1	2024-01-07	Brazil	South America
PQ064801.1	2024-01-07	Brazil	South America
PQ064804.1	2024-01-08	Brazil	South America
PQ064807.1	2024-01-26	Brazil	South America
PQ064810.1	2024-01-26	Brazil	South America
PQ064813.1	2023-12-31	Brazil	South America
PQ064816.1	2024-01-03	Brazil	South America
PQ064819.1	2024-01-03	Brazil	South America
PQ064822.1	2024-01-10	Brazil	South America
PQ064825.1	2024-01-08	Brazil	South America
PQ064828.1	2024-01-08	Brazil	South America
PQ064831.1	2024-01-04	Brazil	South America
PQ064834.1	2024-01-08	Brazil	South America
PQ064837.1	2024-01-01	Brazil	South America
PQ064840.1	2024-01-26	Brazil	South America
PQ064843.1	2024-01-03	Brazil	South America
PQ064846.1	2024-01-29	Brazil	South America
PQ064849.1	2024-01-29	Brazil	South America
PQ064852.1	2024-01-03	Brazil	South America
PQ064855.1	2024-01-01	Brazil	South America
PQ064858.1	2023-12-28	Brazil	South America
PQ064861.1	2023-12-27	Brazil	South America
PQ064864.1	2024-01-03	Brazil	South America
PQ064867.1	2024-01-03	Brazil	South America
PQ064870.1	2023-12-25	Brazil	South America
PQ064873.1	2023-12-22	Brazil	South America
PQ064876.1	2024-01-03	Brazil	South America
PQ064879.1	2023-12-23	Brazil	South America
PQ064882.1	2023-12-23	Brazil	South America
PQ064885.1	2024-02-01	Brazil	South America
PQ064888.1	2023-12-23	Brazil	South America
PQ064891.1	2024-01-03	Brazil	South America
PQ064894.1	2023-12-23	Brazil	South America
PQ064897.1	2024-01-30	Brazil	South America
PQ064900.1	2023-12-23	Brazil	South America
PQ064903.1	2024-01-03	Brazil	South America
PQ064906.1	2024-01-04	Brazil	South America
PQ064909.1	2023-12-24	Brazil	South America
PQ064912.1	2023-12-25	Brazil	South America
PQ064915.1	2023-12-25	Brazil	South America
PQ064918.1	2023-12-25	Brazil	South America
PQ064921.1	2024-01-03	Brazil	South America
PQ064924.1	2024-01-03	Brazil	South America
PQ064927.1	2024-01-03	Brazil	South America
PQ064930.1	2023-12-21	Brazil	South America
PQ064933.1	2024-01-04	Brazil	South America
PQ064936.1	2024-01-04	Brazil	South America
PQ064939.1	2024-01-03	Brazil	South America
PQ064942.1	2024-01-03	Brazil	South America
PQ064945.1	2024-01-03	Brazil	South America
PQ064948.1	2024-01-24	Brazil	South America
PQ064951.1	2023-12-26	Brazil	South America
PQ064954.1	2024-01-05	Brazil	South America
PQ064957.1	2024-01-04	Brazil	South America
PQ064960.1	2024-01-04	Brazil	South America
PQ064963.1	2024-01-05	Brazil	South America
PQ064966.1	2024-01-04	Brazil	South America
PQ064969.1	2024-01-04	Brazil	South America
PQ064972.1	2024-01-04	Brazil	South America
PQ064975.1	2024-02-01	Brazil	South America
PQ064978.1	2024-01-05	Brazil	South America
PQ064981.1	2024-01-04	Brazil	South America
PQ064984.1	2024-01-05	Brazil	South America
PQ064987.1	2024-02-07	Brazil	South America
PQ064990.1	2024-01-05	Brazil	South America
PQ064993.1	2024-02-08	Brazil	South America
PQ064996.1	2024-02-08	Brazil	South America
PQ064999.1	2024-01-23	Brazil	South America
PQ065002.1	2024-01-16	Brazil	South America
PQ065005.1	2024-01-18	Brazil	South America
PQ065008.1	2024-01-25	Brazil	South America
PQ065011.1	2024-01-25	Brazil	South America
PQ065014.1	2024-01-31	Brazil	South America
PQ065017.1	2024-01-24	Brazil	South America
PQ065020.1	2024-02-02	Brazil	South America
PQ065023.1	2024-02-02	Brazil	South America
PQ065026.1	2024-02-03	Brazil	South America
PQ065029.1	2024-02-03	Brazil	South America
PQ065032.1	2024-02-03	Brazil	South America
PQ065035.1	2024-02-03	Brazil	South America
PQ065038.1	2024-02-04	Brazil	South America
PQ065041.1	2024-02-09	Brazil	South America
PQ065044.1	2024-02-09	Brazil	South America
PQ065047.1	2024-02-09	Brazil	South America
PQ065050.1	2024-01-28	Brazil	South America
PQ065053.1	2024-01-31	Brazil	South America
PQ065056.1	2024-01-31	Brazil	South America
PQ065059.1	2024-01-31	Brazil	South America
PQ065062.1	2024-01-31	Brazil	South America
PQ065065.1	2024-01-31	Brazil	South America
PQ065068.1	2024-01-31	Brazil	South America
PQ065071.1	2024-01-31	Brazil	South America
PQ065074.1	2024-01-31	Brazil	South America
PQ065077.1	2024-02-01	Brazil	South America
PQ065080.1	2024-02-01	Brazil	South America
PQ065083.1	2024-02-01	Brazil	South America
PQ065086.1	2024-02-02	Brazil	South America
PQ065089.1	2024-02-02	Brazil	South America
PQ065092.1	2024-02-01	Brazil	South America
PQ065095.1	2024-02-01	Brazil	South America
PQ065098.1	2024-02-01	Brazil	South America
PQ065101.1	2024-02-05	Brazil	South America
PQ065104.1	2024-02-05	Brazil	South America
PQ065107.1	2024-02-06	Brazil	South America
PQ065110.1	2024-02-06	Brazil	South America
PQ065113.1	2024-02-06	Brazil	South America
PQ065116.1	2024-02-06	Brazil	South America
PQ065119.1	2024-02-06	Brazil	South America
PQ065122.1	2024-02-06	Brazil	South America
PQ065125.1	2024-01-26	Brazil	South America
PQ065128.1	2024-01-31	Brazil	South America
PQ065131.1	2024-01-30	Brazil	South America
PQ065134.1	2024-01-31	Brazil	South America
PQ065137.1	2024-02-01	Brazil	South America
PQ065140.1	2024-02-04	Brazil	South America
PQ065143.1	2024-02-04	Brazil	South America
PQ065146.1	2024-02-25	Brazil	South America
PQ065149.1	2024-02-22	Brazil	South America
PQ065152.1	2023-12-28	Brazil	South America
PQ065155.1	2024-01-29	Brazil	South America
PQ065158.1	2023-12-28	Brazil	South America
PQ065161.1	2024-01-30	Brazil	South America
PQ065164.1	2024-01-30	Brazil	South America
PQ065167.1	2024-01-30	Brazil	South America
PQ065170.1	2024-01-31	Brazil	South America
PQ065173.1	2024-02-02	Brazil	South America
PQ065176.1	2024-02-02	Brazil	South America
PQ065179.1	2024-02-02	Brazil	South America
PQ065182.1	2024-02-02	Brazil	South America
PQ065185.1	2024-01-30	Brazil	South America
PQ065188.1	2024-01-29	Brazil	South America
PQ065191.1	2024-01-31	Brazil	South America
PQ065194.1	2024-01-25	Brazil	South America
PQ065197.1	2024-01-25	Brazil	South America
PQ065200.1	2024-01-24	Brazil	South America
PQ065203.1	2024-01-24	Brazil	South America
PQ065206.1	2024-01-23	Brazil	South America
PQ065209.1	2024-01-23	Brazil	South America
PQ065212.1	2024-01-31	Brazil	South America
PQ065215.1	2024-01-31	Brazil	South America
PQ065218.1	2024-02-07	Brazil	South America
PQ065221.1	2023-12-29	Brazil	South America
PQ065224.1	2023-12-25	Brazil	South America
PQ065227.1	2023-12-27	Brazil	South America
PQ065230.1	2023-12-28	Brazil	South America
PQ065233.1	2023-12-13	Brazil	South America
PQ065236.1	2023-12-13	Brazil	South America
PQ065239.1	2023-12-13	Brazil	South America
PQ065242.1	2023-12-13	Brazil	South America
PQ065245.1	2023-12-13	Brazil	South America
PQ065248.1	2023-12-14	Brazil	South America
PQ065251.1	2023-12-15	Brazil	South America
PQ065254.1	2023-12-15	Brazil	South America
PQ065257.1	2023-12-15	Brazil	South America
PQ065260.1	2023-12-15	Brazil	South America
PQ065263.1	2023-12-15	Brazil	South America
PQ065266.1	2023-12-17	Brazil	South America
PQ065269.1	2023-12-17	Brazil	South America
PQ065272.1	2023-12-18	Brazil	South America
PQ065275.1	2023-12-18	Brazil	South America
PQ065278.1	2023-12-18	Brazil	South America
PQ065281.1	2023-12-18	Brazil	South America
PQ065284.1	2023-12-18	Brazil	South America
PQ065287.1	2023-12-19	Brazil	South America
PQ065290.1	2023-12-19	Brazil	South America
PQ065293.1	2023-12-20	Brazil	South America
PQ065296.1	2023-12-23	Brazil	South America
PQ065299.1	2023-12-23	Brazil	South America
PQ065302.1	2023-12-22	Brazil	South America
PQ065305.1	2023-12-22	Brazil	South America
PQ065308.1	2023-12-22	Brazil	South America
PQ065311.1	2023-12-22	Brazil	South America
PQ065314.1	2023-12-23	Brazil	South America
PQ065317.1	2023-12-22	Brazil	South America
PQ065320.1	2023-12-23	Brazil	South America
PQ065323.1	2023-12-22	Brazil	South America
PQ065326.1	2023-12-24	Brazil	South America
PQ065329.1	2023-12-22	Brazil	South America
PQ065332.1	2023-12-22	Brazil	South America
PQ065335.1	2023-12-24	Brazil	South America
PQ065338.1	2023-12-22	Brazil	South America
PQ065341.1	2023-12-22	Brazil	South America
PQ065344.1	2023-12-22	Brazil	South America
PQ065347.1	2023-12-25	Brazil	South America
PQ065350.1	2023-12-24	Brazil	South America
PQ065353.1	2023-12-23	Brazil	South America
PQ065356.1	2023-12-24	Brazil	South America
PQ065359.1	2023-12-24	Brazil	South America
PQ065362.1	2023-12-24	Brazil	South America
PQ065365.1	2023-12-24	Brazil	South America
PQ065368.1	2023-12-24	Brazil	South America
PQ065371.1	2023-12-22	Brazil	South America
PQ065374.1	2023-12-24	Brazil	South America
PQ065377.1	2023-12-24	Brazil	South America
PQ065380.1	2023-12-22	Brazil	South America
PQ065383.1	2023-12-22	Brazil	South America
PQ065386.1	2023-12-22	Brazil	South America
PQ065389.1	2023-12-25	Brazil	South America
PQ065392.1	2023-12-25	Brazil	South America
PQ065395.1	2023-12-25	Brazil	South America
PQ065398.1	2023-12-25	Brazil	South America
PQ065401.1	2023-12-25	Brazil	South America
PQ065404.1	2023-12-25	Brazil	South America
PQ065407.1	2023-12-25	Brazil	South America
PQ065410.1	2023-12-25	Brazil	South America
PQ065413.1	2023-12-25	Brazil	South America
PQ065416.1	2023-12-25	Brazil	South America
PQ065419.1	2023-12-27	Brazil	South America
PQ065422.1	2023-12-26	Brazil	South America
PQ065425.1	2023-12-26	Brazil	South America
PQ065428.1	2023-12-26	Brazil	South America
PQ065431.1	2023-12-26	Brazil	South America
PQ065434.1	2023-12-24	Brazil	South America
PQ065437.1	2023-12-27	Brazil	South America
PQ065440.1	2023-12-27	Brazil	South America
PQ065443.1	2023-12-27	Brazil	South America
PQ065446.1	2023-12-27	Brazil	South America
PQ065449.1	2023-12-27	Brazil	South America
PQ065452.1	2023-12-27	Brazil	South America
PQ065455.1	2023-12-28	Brazil	South America
PQ065458.1	2023-12-26	Brazil	South America
PQ065461.1	2023-12-28	Brazil	South America
PQ065464.1	2023-12-28	Brazil	South America
PQ065467.1	2023-12-14	Brazil	South America
PQ065470.1	2023-12-28	Brazil	South America
PQ065473.1	2023-12-29	Brazil	South America
PQ065476.1	2023-12-29	Brazil	South America
PQ065479.1	2023-12-29	Brazil	South America
PQ065482.1	2023-12-21	Brazil	South America
PQ065485.1	2023-12-13	Brazil	South America
PQ065488.1	2023-12-04	Brazil	South America
PQ065491.1	2023-12-12	Brazil	South America
PQ073183.1	2024-05-23	Brazil	South America
PQ073186.1	2024-05-20	Brazil	South America
PQ118421.1	2024-06-14	Italy	Europe
PQ149811.1	2024-03-27	Brazil	South America
PQ149814.1	2024-05-10	Brazil	South America
PQ156583.1	2024-03-21	Brazil	South America
PQ156584.1	2024-03-20	Brazil	South America
PQ156585.1	2024-04-15	Brazil	South America
PQ156586.1	2024-05-07	Brazil	South America
PQ156587.1	2024-05-15	Brazil	South America
PQ156588.1	2024-05-10	Brazil	South America
PQ156589.1	2024-05-03	Brazil	South America
PQ156590.1	2024-05-03	Brazil	South America
PQ156591.1	2024-05-14	Brazil	South America
PQ156592.1	2024-05-14	Brazil	South America
PQ156593.1	2024-05-14	Brazil	South America
PQ156594.1	2024-04-08	Brazil	South America
PQ156595.1	2024-04-01	Brazil	South America
PQ156596.1	2024-04-02	Brazil	South America
PQ156597.1	2024-05-07	Brazil	South America
PQ185970.1	2024-04-22	Brazil	South America
PQ185971.1	2024-04-25	Brazil	South America
PQ189413.1	2024-04-17	Brazil	South America
PQ189414.1	2024-04-25	Brazil	South America
PQ189415.1	2024-05-09	Brazil	South America
PQ189416.1	2024-05-16	Brazil	South America
PQ189417.1	2024-05-17	Brazil	South America
PQ189418.1	2024-05-27	Brazil	South America
PQ189419.1	2024-06-04	Brazil	South America
PQ189420.1	2024-06-06	Brazil	South America
PQ189421.1	2024-06-10	Brazil	South America
PQ189422.1	2024-06-12	Brazil	South America
PQ189423.1	2024-06-26	Brazil	South America
PQ197204.1	2024-06-07	Brazil	South America
PQ197396.1	2024-01-22	Brazil	South America
PQ197399.1	2024-04-12	Brazil	South America
PQ197402.1	2024-04-15	Brazil	South America
PQ197405.1	2024-04-22	Brazil	South America
PQ197408.1	2024-03-24	Brazil	South America
PQ197411.1	2024-04-17	Brazil	South America
PQ197414.1	2024-04-17	Brazil	South America
PQ199993.1	2024-04-17	Brazil	South America
PQ200002.1	2024-04-18	Brazil	South America
PQ200005.1	2024-04-23	Brazil	South America
PQ200023.1	2024-04-30	Brazil	South America
PQ200026.1	2024-04-30	Brazil	South America
PQ200029.1	2024-04-30	Brazil	South America
PQ200038.1	2024-05-02	Brazil	South America
PQ200053.1	2024-05-08	Brazil	South America
PQ200065.1	2024-05-10	Brazil	South America
PQ200110.1	2024-05-20	Brazil	South America
PQ200125.1	2024-05-27	Brazil	South America
PQ200161.1	2024-06-14	Brazil	South America
PQ200167.1	2024-06-17	Brazil	South America
PQ200206.1	2024-07-04	Brazil	South America
PQ247716.1	2024-03-01	Brazil	South America
PQ247717.1	2024-03-01	Brazil	South America
PQ247718.1	2024-02-02	Brazil	South America
PQ247719.1	2024-02-26	Brazil	South America
PQ247720.1	2024-02-29	Brazil	South America
PQ247721.1	2024-04-11	Brazil	South America
PQ247722.1	2024-04-15	Brazil	South America
PQ247723.1	2024-02-27	Brazil	South America
PQ247724.1	2024-04-17	Brazil	South America
PQ247725.1	2024-04-12	Brazil	South America
PQ247726.1	2024-04-18	Brazil	South America
PQ247727.1	2024-04-16	Brazil	South America
PQ247728.1	2024-04-03	Brazil	South America
PQ247729.1	2024-04-12	Brazil	South America
PQ247730.1	2024-04-19	Brazil	South America
PQ247731.1	2024-04-12	Brazil	South America
PQ247732.1	2024-04-05	Brazil	South America
PQ247733.1	2024-04-16	Brazil	South America
PQ247734.1	2024-04-15	Brazil	South America
PQ247735.1	2024-04-05	Brazil	South America
PQ247736.1	2024-04-03	Brazil	South America
PQ247737.1	2024-04-15	Brazil	South America
PQ247738.1	2024-04-03	Brazil	South America
PQ247739.1	2024-04-05	Brazil	South America
PQ247740.1	2024-04-15	Brazil	South America
PQ247741.1	2024-04-12	Brazil	South America
PQ247742.1	2024-04-03	Brazil	South America
PQ247743.1	2024-04-08	Brazil	South America
PQ247744.1	2024-04-02	Brazil	South America
PQ247745.1	2024-04-12	Brazil	South America
PQ247746.1	2024-04-02	Brazil	South America
PQ247747.1	2024-04-04	Brazil	South America
PQ247748.1	2024-04-08	Brazil	South America
PQ247749.1	2024-04-05	Brazil	South America
PQ247750.1	2024-04-04	Brazil	South America
PQ247751.1	2024-04-17	Brazil	South America
PQ247752.1	2024-04-03	Brazil	South America
PQ247753.1	2024-04-08	Brazil	South America
PQ247754.1	2024-04-12	Brazil	South America
PQ247755.1	2024-04-02	Brazil	South America
PQ247756.1	2024-04-03	Brazil	South America
PQ247757.1	2024-04-16	Brazil	South America
PQ247758.1	2024-04-12	Brazil	South America
PQ247759.1	2024-04-15	Brazil	South America
PQ247760.1	2024-04-15	Brazil	South America
PQ247761.1	2024-04-15	Brazil	South America
PQ247762.1	2024-04-15	Brazil	South America
PQ247763.1	2024-04-15	Brazil	South America
PQ247764.1	2024-04-04	Brazil	South America
PQ247765.1	2024-04-15	Brazil	South America
PQ247766.1	2024-04-15	Brazil	South America
PQ247767.1	2024-04-16	Brazil	South America
PQ247768.1	2024-04-08	Brazil	South America
PQ247769.1	2024-04-12	Brazil	South America
PQ247770.1	2024-04-12	Brazil	South America
PQ247771.1	2024-04-12	Brazil	South America
PQ247772.1	2024-04-12	Brazil	South America
PQ247773.1	2024-04-12	Brazil	South America
PQ247774.1	2024-04-02	Brazil	South America
PQ247775.1	2024-04-03	Brazil	South America
PQ247776.1	2024-04-02	Brazil	South America
PQ247777.1	2024-04-02	Brazil	South America
PQ247778.1	2024-04-01	Brazil	South America
PQ247779.1	2024-04-05	Brazil	South America
PQ247780.1	2024-04-03	Brazil	South America
PQ247781.1	2024-04-08	Brazil	South America
PQ247782.1	2024-04-04	Brazil	South America
PQ247783.1	2024-04-08	Brazil	South America
PQ247784.1	2024-04-09	Brazil	South America
PQ247785.1	2024-04-10	Brazil	South America
PQ247786.1	2024-04-04	Brazil	South America
PQ247787.1	2024-04-08	Brazil	South America
PQ247788.1	2024-04-08	Brazil	South America
PQ247789.1	2024-04-08	Brazil	South America
PQ247790.1	2024-04-09	Brazil	South America
PQ247791.1	2024-04-08	Brazil	South America
PQ247792.1	2024-04-08	Brazil	South America
PQ247793.1	2024-04-05	Brazil	South America
PQ247794.1	2024-04-10	Brazil	South America
PQ247795.1	2024-04-05	Brazil	South America
PQ247796.1	2024-04-08	Brazil	South America
PQ247797.1	2024-04-04	Brazil	South America
PQ247798.1	2024-05-06	Brazil	South America
PQ247799.1	2024-05-08	Brazil	South America
PQ247800.1	2024-05-10	Brazil	South America
PQ247801.1	2024-05-02	Brazil	South America
PQ247802.1	2024-05-07	Brazil	South America
PQ247803.1	2024-05-07	Brazil	South America
PQ247804.1	2024-02-28	Brazil	South America
PQ247805.1	2024-05-10	Brazil	South America
PQ247806.1	2024-05-03	Brazil	South America
PQ247807.1	2024-03-01	Brazil	South America
PQ247808.1	2024-03-01	Brazil	South America
PQ247809.1	2024-03-06	Brazil	South America
PQ247810.1	2024-03-06	Brazil	South America
PQ247811.1	2024-03-07	Brazil	South America
PQ247812.1	2024-03-08	Brazil	South America
PQ247813.1	2024-03-11	Brazil	South America
PQ247814.1	2024-03-11	Brazil	South America
PQ247815.1	2024-03-11	Brazil	South America
PQ247816.1	2024-03-14	Brazil	South America
PQ247817.1	2024-03-14	Brazil	South America
PQ247818.1	2024-03-10	Brazil	South America
PQ247819.1	2024-03-14	Brazil	South America
PQ247820.1	2024-03-14	Brazil	South America
PQ247821.1	2024-03-17	Brazil	South America
PQ247822.1	2024-03-18	Brazil	South America
PQ247823.1	2024-03-18	Brazil	South America
PQ247824.1	2024-03-18	Brazil	South America
PQ247825.1	2024-03-18	Brazil	South America
PQ247826.1	2024-03-20	Brazil	South America
PQ247827.1	2024-03-18	Brazil	South America
PQ247828.1	2024-03-19	Brazil	South America
PQ247829.1	2024-03-19	Brazil	South America
PQ247830.1	2024-03-19	Brazil	South America
PQ247831.1	2024-03-20	Brazil	South America
PQ247832.1	2024-03-20	Brazil	South America
PQ247833.1	2024-03-20	Brazil	South America
PQ247834.1	2024-04-09	Brazil	South America
PQ247835.1	2024-04-09	Brazil	South America
PQ247836.1	2024-04-03	Brazil	South America
PQ247837.1	2024-04-10	Brazil	South America
PQ247838.1	2024-04-16	Brazil	South America
PQ247839.1	2024-04-17	Brazil	South America
PQ247840.1	2024-04-24	Brazil	South America
PQ247841.1	2024-04-23	Brazil	South America
PQ247842.1	2024-04-24	Brazil	South America
PQ247843.1	2024-04-25	Brazil	South America
PQ247844.1	2024-04-25	Brazil	South America
PQ247845.1	2024-04-24	Brazil	South America
PQ247846.1	2024-04-25	Brazil	South America
PQ295363.1	2024-03-24	Brazil	South America
PQ295366.1	2024-04-02	Brazil	South America
PQ295369.1	2024-04-02	Brazil	South America
PQ295372.1	2024-04-18	Brazil	South America
PQ295375.1	2024-04-18	Brazil	South America
PQ363070.1	2024-08-13	Italy	Europe
PQ381540.1	2024-05-20	Brazil	South America
PQ381541.1	2024-05-28	Brazil	South America
PQ381542.1	2024-05-23	Brazil	South America
PQ381543.1	2024-05-23	Brazil	South America
PQ381544.1	2024-06-15	Brazil	South America
PQ381545.1	2024-07-03	Brazil	South America
PQ381546.1	2024-07-03	Brazil	South America
PQ381547.1	2024-07-02	Brazil	South America
PQ381548.1	2024-07-02	Brazil	South America
PQ381549.1	2024-07-04	Brazil	South America
PQ381550.1	2024-07-01	Brazil	South America
PQ381551.1	2024-07-01	Brazil	South America
PQ381552.1	2024-07-01	Brazil	South America
PQ381553.1	2024-07-09	Brazil	South America
PQ381554.1	2024-07-10	Brazil	South America
PQ381555.1	2024-07-19	Brazil	South America
PQ381556.1	2024-07-22	Brazil	South America
PQ381557.1	2024-07-26	Brazil	South America
PQ381558.1	2024-07-26	Brazil	South America
PQ381559.1	2024-07-29	Brazil	South America
PQ381560.1	2024-07-30	Brazil	South America
PQ381561.1	2024-07-30	Brazil	South America
PQ409232.1	2024-08-08	Colombia	South America
PQ417950.1	2024-07-13	Cuba	North America
PQ458634.1	2024-07-01	Brazil	South America
PQ458635.1	2024-06-14	Brazil	South America
PQ458636.1	2024-07-04	Brazil	South America
PQ458637.1	2024-06-28	Brazil	South America
PQ458638.1	2024-06-13	Brazil	South America
PQ458639.1	2024-07-09	Brazil	South America
PQ458640.1	2024-07-09	Brazil	South America
PQ458641.1	2024-06-19	Brazil	South America
PQ458642.1	2024-07-05	Brazil	South America
PQ458643.1	2024-06-18	Brazil	South America
PQ458644.1	2024-06-19	Brazil	South America
PQ458645.1	2024-06-27	Brazil	South America
PQ458646.1	2024-07-02	Brazil	South America
PQ458647.1	2024-07-10	Brazil	South America
PQ458648.1	2024-06-30	Brazil	South America
PQ458649.1	2024-06-26	Brazil	South America
PQ458650.1	2024-07-12	Brazil	South America
PQ458651.1	2024-07-01	Brazil	South America
PQ458652.1	2024-06-19	Brazil	South America
PQ458653.1	2024-07-01	Brazil	South America
PQ458654.1	2024-06-13	Brazil	South America
PQ458655.1	2024-06-18	Brazil	South America
PQ458656.1	2024-06-20	Brazil	South America
PQ458657.1	2024-06-20	Brazil	South America
PQ458658.1	2024-07-03	Brazil	South America
PQ458659.1	2024-07-02	Brazil	South America
PQ458660.1	2024-06-18	Brazil	South America
PQ458661.1	2024-07-04	Brazil	South America
PQ530050.1	2024-06-06	Spain	Europe
PQ537329.1	2024-03-24	Brazil	South America
PQ537330.1	2024-04-02	Brazil	South America
PQ537331.1	2024-04-18	Brazil	South America
PQ537332.1	2024-04-18	Brazil	South America
PQ550997.1	2024-05-11	Brazil	South America
PQ554040.1	2024-05-10	Brazil	South America
PQ554043.1	2024-05-09	Brazil	South America
PQ554049.1	2024-05-09	Brazil	South America
PQ554052.1	2024-05-10	Brazil	South America
PQ554064.1	2024-05-15	Brazil	South America
PQ554082.1	2024-05-20	Brazil	South America
PQ554100.1	2024-05-24	Brazil	South America
PQ554112.1	2024-05-27	Brazil	South America
PQ554139.1	2024-06-05	Brazil	South America
PQ554160.1	2024-06-10	Brazil	South America
PQ554331.1	2024-08-28	Brazil	South America
PQ559583.1	2024-06-24	Brazil	South America
PQ559584.1	2024-06-30	Brazil	South America
PQ559585.1	2024-06-27	Brazil	South America
PQ559586.1	2024-07-02	Brazil	South America
PQ559587.1	2024-07-24	Brazil	South America
PQ559588.1	2024-07-16	Brazil	South America
PQ559589.1	2024-06-20	Brazil	South America
PQ559590.1	2024-06-14	Brazil	South America
PQ559591.1	2024-07-31	Brazil	South America
PQ559592.1	2024-06-26	Brazil	South America
PQ559593.1	2024-07-18	Brazil	South America
PQ559594.1	2024-07-09	Brazil	South America
PQ559595.1	2024-06-19	Brazil	South America
PQ559596.1	2024-06-19	Brazil	South America
PQ559597.1	2024-07-21	Brazil	South America
PQ634468.1	2024-03-07	Bolivia	South America
PQ634469.1	2024-03-27	Bolivia	South America
PQ634470.1	2024-05-17	Bolivia	South America
PQ634471.1	2024-03-18	Bolivia	South America
PQ634472.1	2024-02-15	Bolivia	South America
PQ634473.1	2024-02-07	Bolivia	South America
PQ634474.1	2024-01-19	Bolivia	South America
PQ634475.1	2024-02-01	Bolivia	South America
PQ634476.1	2024-02-29	Bolivia	South America
PQ634477.1	2024-04-12	Bolivia	South America
PQ634478.1	2024-05-02	Bolivia	South America
PQ634479.1	2024-03-19	Bolivia	South America
PQ634480.1	2024-03-21	Bolivia	South America
PQ634481.1	2024-03-25	Bolivia	South America
PQ634482.1	2024-04-09	Bolivia	South America
PQ634483.1	2024-04-12	Bolivia	South America
PQ634484.1	2024-04-14	Bolivia	South America
PQ634485.1	2024-04-10	Bolivia	South America
PQ634486.1	2024-04-10	Bolivia	South America
PQ634487.1	2024-04-12	Bolivia	South America
PQ634488.1	2024-04-16	Bolivia	South America
PQ634489.1	2024-04-11	Bolivia	South America
PQ634490.1	2024-04-15	Bolivia	South America
PQ634491.1	2024-04-16	Bolivia	South America
PQ634492.1	2024-03-29	Bolivia	South America
PQ634493.1	2024-01-26	Bolivia	South America
PQ634494.1	2024-01-29	Bolivia	South America
PQ634495.1	2024-04-01	Bolivia	South America
PQ634496.1	2024-04-06	Bolivia	South America
PQ634497.1	2024-03-27	Bolivia	South America
PQ634498.1	2024-03-01	Bolivia	South America
PQ634499.1	2024-04-15	Bolivia	South America
PQ634500.1	2024-04-06	Bolivia	South America
PQ634501.1	2024-04-22	Bolivia	South America
PQ683508.1		Peru	South America
PQ683511.1		Peru	South America
PQ683514.1		Peru	South America
PQ754513.1	2024-09-04	Brazil	South America
PQ754531.1	2024-09-16	Brazil	South America
PQ754564.1	2024-09-30	Brazil	South America
PQ754573.1	2024-10-02	Brazil	South America
PQ754576.1	2024-10-03	Brazil	South America
PQ754606.1	2024-10-09	Brazil	South America
PQ754666.1	2024-10-22	Brazil	South America
PQ754672.1	2024-10-23	Brazil	South America
PQ754687.1	2024-10-25	Brazil	South America
PQ754693.1	2024-10-25	Brazil	South America
PQ754696.1	2024-10-29	Brazil	South America
PQ754717.1	2024-11-04	Brazil	South America
PQ754732.1	2024-11-05	Brazil	South America
PQ754735.1	2024-11-05	Brazil	South America
PQ754744.1	2024-11-06	Brazil	South America
PQ754750.1	2024-11-06	Brazil	South America
PQ754753.1	2024-11-05	Brazil	South America
PQ754759.1	2024-11-06	Brazil	South America
PQ754768.1	2024-11-06	Brazil	South America
PQ754786.1	2024-11-08	Brazil	South America
PQ801464.1	1991	Brazil	South America
PV254731.1	2024-07-19	Brazil	South America
PV254732.1	2024-07-23	Brazil	South America
PV254733.1	2024-07-23	Brazil	South America
PV254734.1	2024-07-23	Brazil	South America
PV254735.1	2024-07-23	Brazil	South America
PV254736.1	2024-07-11	Brazil	South America
PV254737.1	2024-07-13	Brazil	South America
PV254738.1	2024-07-12	Brazil	South America
PV254739.1	2024-07-13	Brazil	South America
PV254740.1	2024-07-10	Brazil	South America
PV254741.1	2024-07-12	Brazil	South America
PV254742.1	2024-07-15	Brazil	South America
PV254743.1	2024-07-15	Brazil	South America
PV254744.1	2024-07-15	Brazil	South America
PV254745.1	2024-07-15	Brazil	South America
PV254746.1	2024-07-17	Brazil	South America
PV254747.1	2024-07-24	Brazil	South America
PV254748.1	2024-07-24	Brazil	South America
PV254749.1	2024-07-25	Brazil	South America
PV254750.1	2024-07-25	Brazil	South America
PV254751.1	2024-07-27	Brazil	South America
PV254752.1	2024-07-25	Brazil	South America
PV254753.1	2024-07-25	Brazil	South America
PV254754.1	2024-07-25	Brazil	South America
PV254755.1	2024-07-12	Brazil	South America
PV254756.1	2024-07-13	Brazil	South America
PV254757.1	2024-07-15	Brazil	South America
PV254758.1	2024-07-15	Brazil	South America
PV254759.1	2024-07-24	Brazil	South America
PV254760.1	2024-08-13	Brazil	South America
PV254761.1	2024-08-08	Brazil	South America
PV254762.1	2024-07-30	Brazil	South America
PV254763.1	2024-08-15	Brazil	South America
PV254764.1	2024-08-02	Brazil	South America
PV254765.1	2024-08-11	Brazil	South America
PV254766.1	2024-08-12	Brazil	South America
PV254767.1	2024-07-25	Brazil	South America
PV419643.1	2024-02-22	Peru	South America
PV419646.1	2024-02-22	Peru	South America
PV419649.1	2024-01-25	Peru	South America
PV419652.1	2024-02-02	Peru	South America
PV419655.1	2024-02-06	Peru	South America
PV419658.1	2024-07-31	Peru	South America
PV419661.1	2024-07-10	Peru	South America
