"clade"	"gene"	"site"	"alt"
"African"	"ancC"	"101"	"R"
"African"	"C"	"25"	"N"
"African"	"C"	"27"	"L"
"African"	"prM"	"140"	"V"
"African"	"pr"	"26"	"A"
"African"	"M"	"45"	"V"
"African"	"M"	"47"	"V"
"African"	"E"	"317"	"V"
"African"	"E"	"438"	"F"
"African"	"NS1"	"52"	"E"
"African"	"NS1"	"188"	"V"
"African"	"NS2A"	"80"	"V"
"African"	"NS2A"	"208"	"I"
"African"	"NS2B"	"89"	"E"
"African"	"NS3"	"407"	"I"
"African"	"NS3"	"583"	"K"
"African"	"NS5"	"159"	"T"
"African"	"NS5"	"449"	"H"
"African"	"NS5"	"647"	"R"

"Asian"	"ancC"	"25"	"S"
"Asian"	"ancC"	"27"	"F"
"Asian"	"ancC"	"110"	"V"
"Asian"	"C"	"101"	"K"
"Asian"	"prM"	"3"	"V"
"Asian"	"prM"	"26"	"P"
"Asian"	"pr"	"3"	"V"
"Asian"	"E"	"285"	"S"
"Asian"	"E"	"437"	"A"
"Asian"	"E"	"495"	"L"
"Asian"	"NS1"	"69"	"R"
"Asian"	"NS2A"	"34"	"I"
"Asian"	"NS2A"	"80"	"I"
"Asian"	"NS2A"	"151"	"T"
"Asian"	"NS3"	"56"	"S"
"Asian"	"NS3"	"92"	"H"
"Asian"	"NS4B"	"13"	"L"
"Asian"	"NS4B"	"14"	"G"
"Asian"	"NS5"	"280"	"N"
"Asian"	"NS5"	"389"	"H"
"Asian"	"NS5"	"641"	"R"
"Asian"	"NS5"	"784"	"S"
"Asian"	"NS5"	"813"	"V"